# ************************************************************
# Sequel Pro SQL dump
# Version 3408
#
# http://www.sequelpro.com/
# http://code.google.com/p/sequel-pro/
#
# Host: dcs-projects.cs.illinois.edu (MySQL 5.0.92-community)
# Database: labotz1_cs465
# Generation Time: 2011-11-11 16:15:31 +0000
# ************************************************************


/*!40101 SET @OLD_CHARACTER_SET_CLIENT=@@CHARACTER_SET_CLIENT */;
/*!40101 SET @OLD_CHARACTER_SET_RESULTS=@@CHARACTER_SET_RESULTS */;
/*!40101 SET @OLD_COLLATION_CONNECTION=@@COLLATION_CONNECTION */;
/*!40101 SET NAMES utf8 */;
/*!40014 SET @OLD_FOREIGN_KEY_CHECKS=@@FOREIGN_KEY_CHECKS, FOREIGN_KEY_CHECKS=0 */;
/*!40101 SET @OLD_SQL_MODE=@@SQL_MODE, SQL_MODE='NO_AUTO_VALUE_ON_ZERO' */;
/*!40111 SET @OLD_SQL_NOTES=@@SQL_NOTES, SQL_NOTES=0 */;


# Dump of table building_infos
# ------------------------------------------------------------

DROP TABLE IF EXISTS `building_infos`;

CREATE TABLE `building_infos` (
  `building_id` int(11) unsigned NOT NULL,
  `type` varchar(2) default NULL,
  `x` int(11) default NULL,
  `y` int(11) default NULL,
  `interior` tinyint(1) default NULL,
  `floor` int(11) default NULL
) ENGINE=MyISAM DEFAULT CHARSET=latin1;

LOCK TABLES `building_infos` WRITE;
/*!40000 ALTER TABLE `building_infos` DISABLE KEYS */;

INSERT INTO `building_infos` (`building_id`, `type`, `x`, `y`, `interior`, `floor`)
VALUES
	(291,'R',245,540,1,0),
	(291,'S',110,540,1,0),
	(291,'S',230,120,1,0),
	(291,'S',440,470,1,0),
	(291,'S',900,445,1,0),
	(291,'F',820,445,1,0),
	(291,'E',750,565,1,0),
	(291,'S',160,550,1,1),
	(291,'E',230,555,1,1),
	(291,'R',272,555,1,1),
	(291,'S',245,145,1,1),
	(291,'S',540,510,1,1),
	(291,'E',200,545,1,0),
	(291,'F',640,475,1,1),
	(291,'E',740,565,1,1),
	(291,'R',879,363,1,1),
	(291,'S',880,445,1,1),
	(291,'R',750,540,1,2),
	(291,'E',750,575,1,2),
	(291,'S',880,450,1,2),
	(291,'S',540,510,1,2),
	(291,'S',245,145,1,2),
	(291,'R',272,555,1,2),
	(291,'E',230,555,1,2),
	(291,'S',160,550,1,2),
	(291,'S',180,560,1,3),
	(291,'S',250,150,1,3),
	(291,'S',610,500,1,3),
	(291,'S',890,462,1,3),
	(291,'E',750,580,1,3),
	(291,'E',233,565,1,3),
	(291,'R',277,560,1,3),
	(291,'R',753,845,1,3),
	(291,'S',190,560,1,4),
	(291,'S',260,150,1,4),
	(291,'S',620,500,1,4),
	(291,'S',450,900,1,4),
	(291,'E',760,570,1,4),
	(291,'E',244,552,1,4),
	(291,'R',288,554,1,4),
	(291,'R',760,232,1,4),
	(113,'S',340,115,1,0),
	(113,'S',260,250,1,0),
	(113,'S',330,230,1,0),
	(113,'S',100,140,1,0),
	(113,'S',205,80,1,0),
	(113,'E',360,235,1,0),
	(113,'R',380,260,1,0),
	(113,'F',325,290,1,0),
	(113,'S',100,370,1,1),
	(113,'S',500,350,1,1),
	(113,'S',760,355,1,1),
	(113,'S',300,100,1,1),
	(113,'S',170,200,1,1),
	(113,'R',580,300,1,1),
	(113,'R',475,455,1,1),
	(113,'R',500,240,1,1),
	(113,'R',335,120,1,1),
	(113,'E',570,355,1,1),
	(113,'S',90,370,1,1),
	(113,'S',180,170,1,2),
	(113,'S',390,105,1,2),
	(113,'S',610,210,1,2),
	(113,'S',610,370,1,2),
	(113,'S',690,400,1,2),
	(113,'S',950,370,1,2),
	(113,'R',990,310,1,2),
	(113,'R',600,240,1,2),
	(113,'R',420,105,1,2),
	(113,'R',130,325,1,2),
	(113,'E',700,365,1,2),
	(113,'E',1024,160,1,2),
	(113,'S',80,80,1,3),
	(113,'S',55,210,1,3),
	(113,'S',445,215,1,3),
	(113,'S',520,200,1,3),
	(113,'R',520,185,1,3),
	(113,'R',55,185,1,3),
	(113,'E',365,205,1,3);

/*!40000 ALTER TABLE `building_infos` ENABLE KEYS */;
UNLOCK TABLES;


# Dump of table building_names
# ------------------------------------------------------------

DROP TABLE IF EXISTS `building_names`;

CREATE TABLE `building_names` (
  `id` int(11) unsigned NOT NULL,
  `name` varchar(255) default NULL
) ENGINE=MyISAM DEFAULT CHARSET=latin1;

LOCK TABLES `building_names` WRITE;
/*!40000 ALTER TABLE `building_names` DISABLE KEYS */;

INSERT INTO `building_names` (`id`, `name`)
VALUES
	(1,'1203 1/2 West Nevada Street'),
	(2,'1203 West Nevada Street'),
	(3,'1203 West Oregon Street'),
	(4,'1204 West Nevada Street'),
	(5,'1205 West Nevada Street'),
	(6,'1206 West Nevada Street'),
	(7,'1207 West Oregon Street'),
	(8,'1208 West Nevada Street'),
	(9,'1208 West Springfield'),
	(10,'505 East Green Street'),
	(11,'507 East Daniel Street'),
	(12,'507 East Green Street'),
	(13,'510 East Chalmers Street'),
	(14,'512 East Chalmers Street'),
	(15,'708 South Mathews Avenue'),
	(16,'805 West Pennsylvania Avenue'),
	(17,'911 South Sixth Street'),
	(18,'912 South Fifth Street'),
	(19,'Abbot Scrubber Building'),
	(20,'Abbott Power Plant'),
	(21,'ACES Library, Information and Alumni Center'),
	(22,'Acid Rain Field Building'),
	(23,'Activities and Recreation Center'),
	(24,'Administrative Information Technology Services Building (AITS)'),
	(25,'Admissions and Records'),
	(26,'Advanced Computation Building'),
	(27,'Aerodynamics Research Lab'),
	(28,'Aeronautical Lab A'),
	(29,'Afro-American Studies and Research Program'),
	(30,'AG/PPFM Warehouses'),
	(31,'Agricultural Bioprocess Laboratory'),
	(32,'Agricultural Storage'),
	(33,'Agriculture Engineering Sciences Building'),
	(34,'Agriculture Services Building'),
	(35,'Agriculture Services Warehouse'),
	(36,'Agronomy Department Barn'),
	(37,'Agronomy Field Laboratory - USDA'),
	(38,'Agronomy/Plant Pathology Farm'),
	(39,'Agronomy Seed House'),
	(40,'Agronomy Sheetmetal Barn'),
	(41,'Agronomy Soybean Research Farm'),
	(42,'Alice Campbell Alumni Center'),
	(43,'Allen Residence Hall'),
	(44,'Altgeld Hall'),
	(45,'Animal Sciences Laboratory'),
	(46,'Anthropology Storage'),
	(47,'Aquatic Research Field Laboratory'),
	(48,'Arboretum - Hartley Gardens'),
	(49,'Architecture Building'),
	(50,'Armory'),
	(51,'Armory Avenue Warehouse'),
	(52,'Art and Design Building'),
	(53,'Art E Annex, Studio 2'),
	(54,'Art East Annex, Studio 1'),
	(55,'Art Studio'),
	(56,'Ashton Woods Family and Graduate Housing'),
	(57,'Assembly Hall'),
	(58,'Astronomy Building'),
	(59,'Atkins Tennis Center'),
	(60,'Atmospheric Sciences Building'),
	(61,'Aviation Ground School'),
	(62,'Band Building'),
	(63,'Barton Residence Hall'),
	(64,'Beckman Institute'),
	(65,'Beckwith Hall'),
	(66,'Beef Farms'),
	(67,'Bee Research Facility'),
	(68,'Bevier Hall'),
	(69,'Bielfeldt Athletic Administration Building'),
	(70,'Biological Control Laboratory'),
	(71,'Biomedical Magnetic Resonance Facility'),
	(72,'Building Research Council'),
	(73,'Building Research Council Laboratory'),
	(74,'Building Research Laboratory'),
	(75,'Burnsides Research Laboratory'),
	(76,'Burrill Hall'),
	(77,'Busey-Evans Residence Halls'),
	(78,'Campbell Hall for Public Telecommunications'),
	(79,'Campus Honors Program'),
	(80,'Campus Recreation Center East (CRCE)'),
	(81,'Campus Recreation Outdoor Center'),
	(82,'Career Center (in Student Services Arcade Bldg.)'),
	(83,'Center for Advanced Study'),
	(84,'Center on Democracy in a Multiracial Society'),
	(85,'Central Stores Receiving Building'),
	(86,'Ceramics'),
	(87,'Ceramics Building'),
	(88,'Ceramics Kiln House'),
	(89,'Champaign Residence Halls'),
	(90,'Chemical and Life Science Laboratory (A)'),
	(91,'Chemical and Life Science Laboratory (B and C)'),
	(92,'Chemistry Annex'),
	(93,'Child Development Laboratory'),
	(94,'Children\'s Research Center'),
	(95,'Claims Management Office'),
	(96,'Clark Hall Housing Administration'),
	(97,'Clay Hydrology Laboratory'),
	(98,'Coble Hall'),
	(99,'College of Business Instructional Facility'),
	(100,'Colonel Wolfe School'),
	(101,'Computing Applications Building'),
	(102,'Coordinated Science Laboratory'),
	(103,'Core Storage Building'),
	(104,'Credit Union Building'),
	(105,'Credit Union Mini-branch'),
	(106,'CSREC Building'),
	(107,'Dairy Research Farm'),
	(108,'Dance Administration Building'),
	(109,'Dance Studio'),
	(110,'Daniels Hall (Graduate Housing)'),
	(111,'Davenport Hall'),
	(112,'David Kinley Hall'),
	(113,'Digital Computer Laboratory'),
	(114,'Doris Kelley Christopher Hall'),
	(115,'Driver Training Facility'),
	(116,'Driver Training Site Storage Building'),
	(117,'Early Child Development Building'),
	(118,'Education Building'),
	(119,'Eichelberger Field'),
	(120,'Electrical Engineering Storage'),
	(121,'Engineering Hall'),
	(122,'Engineering Quad'),
	(123,'Engineering Sciences Building'),
	(124,'Engineering Senior Design Studio'),
	(125,'Engineering Student Project Lab'),
	(126,'English Building'),
	(127,'Enterprise Works'),
	(128,'Entomology Laboratory'),
	(129,'Environmental Health and Safety'),
	(130,'Environmental Research Annex'),
	(131,'Everitt Lab'),
	(132,'Firemanship Training Center'),
	(133,'Fire Service Institute'),
	(134,'Fire Substation'),
	(135,'Flagg Hall'),
	(136,'Florida and Lincoln Playing Fields Complex'),
	(137,'Florida Avenue Residence Halls'),
	(138,'Foellinger Auditorium'),
	(139,'Food Science Dry Processing Laboratory'),
	(140,'Food Storage Shed - Hort Field Laboratory'),
	(141,'Foreign Languages Building'),
	(142,'Freer Hall'),
	(143,'Fuel and Oil Storage Tanks'),
	(144,'Garage/Car Pool'),
	(145,'Garage - Hort Field Laboratory'),
	(146,'General Arts'),
	(147,'Geological Survey Laboratory'),
	(148,'Glass Building'),
	(149,'Goodwin-Green Apartments'),
	(150,'Government and Public Affairs, Institute of'),
	(151,'Graduate Painting'),
	(152,'Graduate Photography'),
	(153,'Grainger Engineering Library Information Center'),
	(154,'Gregory Hall'),
	(155,'Gregory Place I'),
	(156,'Gregory Place II'),
	(157,'Hallene Gateway'),
	(158,'Harker Hall'),
	(159,'Henry Administration Building'),
	(160,'Horse Farms'),
	(161,'Hort Fields Research Laboratory'),
	(162,'Horticulture Field Laboratory'),
	(163,'Housing Food Stores'),
	(164,'Housing Warehouse'),
	(165,'Huff Hall'),
	(166,'Hydrogen Liquefier Building'),
	(167,'Hydrosystems Lab'),
	(168,'I Building'),
	(169,'Ice Arena'),
	(170,'ICS Oregon Computing Laboratory'),
	(171,'iCyt'),
	(172,'I Hotel and Conference Center'),
	(173,'Illini Grove'),
	(174,'Illini Hall'),
	(175,'Illini Union'),
	(176,'Illini Union Bookstore'),
	(177,'Illini Union Warehouse #2'),
	(178,'Illinois Field'),
	(179,'Illinois Library Computer System Office'),
	(180,'Illinois Radio Reader'),
	(181,'Illinois State Water Survey'),
	(182,'Illinois Street Residence Halls'),
	(183,'Illinois Sustainable Technology Research Center'),
	(184,'Implement Shed'),
	(185,'Imported Swine Research Laboratory'),
	(186,'Indoor Golf Facility'),
	(187,'Institute for Genomic Biology'),
	(188,'International Studies Building'),
	(189,'Irwin Academic Services Center'),
	(190,'Irwin Indoor Football Practive Facility'),
	(191,'Japan House'),
	(192,'Kenney Gym'),
	(193,'Kenney Gym Annex'),
	(194,'Krannert Art Museum and Kinkead Pavillion'),
	(195,'Krannert Center for the Performing Arts'),
	(196,'Labor and Employment Relations, School of'),
	(197,'Law Building'),
	(198,'Levis Faculty Center'),
	(199,'Library and Information Science'),
	(200,'Lincoln Avenue Residence Hall'),
	(201,'Lincoln Hall'),
	(202,'Loomis Lab'),
	(203,'Lundgren Residence Hall'),
	(204,'Machine and Equine Storage Shed - Agronomy'),
	(205,'Machinery Storage Building'),
	(206,'Machine Storage Building'),
	(207,'Madigan Laboratory'),
	(208,'Mailing Center'),
	(209,'Main Library'),
	(210,'Materials Science and Engineering Building'),
	(211,'McFarland Carillion'),
	(212,'McKinley Health Center'),
	(213,'Meat Science Laboratory'),
	(214,'Mechanical Engineering Building'),
	(215,'Mechanical Engineering Laboratory'),
	(216,'Medical Sciences Building'),
	(217,'Memorial Stadium'),
	(218,'Micro and Nanotechnology Laboratory'),
	(219,'Morrill Hall'),
	(220,'Morrow Plots'),
	(221,'Motorcycle Safety Program'),
	(222,'Motorola Building'),
	(223,'Multiplex Playing Fields'),
	(224,'Mumford Hall'),
	(225,'Mumford House'),
	(226,'Music Building'),
	(227,'Music Education Annex'),
	(228,'National Center for Supercomputing Applications (NCSA)'),
	(229,'National Soybean Research Center'),
	(230,'Natural History Building'),
	(231,'Natural History Survey Greenhouse'),
	(232,'Natural History Survey Storage B #1'),
	(233,'Natural History Survey Storage B #2'),
	(234,'Natural History Survey Storage B #3'),
	(235,'Natural History Survey Storage B #4'),
	(236,'Natural History Survey Storage B #5'),
	(237,'Natural Resources Building'),
	(238,'Natural Resources Garage'),
	(239,'Natural Resources Studies Annex'),
	(240,'NCSA Petascale Computing Facility'),
	(241,'Newmark Laboratory'),
	(242,'Noble Hall'),
	(243,'North Campus Chiller Plant'),
	(244,'Noyes Lab'),
	(245,'Nuclear Engineering Laboratory'),
	(246,'Nuclear Physics Laboratory'),
	(247,'Nuclear Radiations Laboratory'),
	(248,'Nursing, School of'),
	(249,'Nursing Workshop'),
	(250,'Oak Street Chiller Plant'),
	(251,'OandM Storage Building'),
	(252,'Observatory'),
	(253,'Optical Physics and Engineering Laboratory'),
	(254,'Orchard Downs Family Housing'),
	(255,'Paleo-Botanical Storage'),
	(256,'Parking Garage (2005)'),
	(257,'Parking Structure'),
	(258,'Pennsylvania Avenue Residence Halls'),
	(259,'Personnel Services Building'),
	(260,'Pesticide Storage'),
	(261,'Pest Management Laboratory'),
	(262,'Physical Plant Service Building'),
	(263,'Physical Plant Storage Building A'),
	(264,'Physics Research Laboratory Storage'),
	(265,'Plant Pesticide Diagnostic Clinic'),
	(266,'Plant Sciences Laboratory'),
	(267,'Plant Sciences Laboratory Greenhouses'),
	(268,'Plant Services Building NE'),
	(269,'Plant Services Storage Building'),
	(270,'Police Training Institute'),
	(271,'Police Training Institute'),
	(272,'Poultry Farm'),
	(273,'Presidential Towers/University Inn'),
	(274,'President\'s House'),
	(275,'Printing and Photographic Services Building'),
	(276,'Printing Services Annex'),
	(277,'Printing Services South Building'),
	(278,'Professional Arts Building'),
	(279,'Psychology Building'),
	(280,'Public Safety'),
	(281,'Raindrop Tower Building - Agronomy'),
	(282,'Rehabilitation Education Center'),
	(283,'Richmond Studio'),
	(284,'Roger Adams Laboratory'),
	(285,'Round Barns'),
	(286,'SAIC'),
	(287,'Sculpture Building'),
	(288,'Seitz Materials Research Laboratory (MRL)'),
	(289,'Sheet Metal Barn - Weedlab - USDA'),
	(290,'Sherman Residence Hall'),
	(291,'Siebel Center'),
	(292,'Slavic Review'),
	(293,'Smith Hall'),
	(294,'Soccer and Track Stadium'),
	(295,'Soil Sample'),
	(296,'Special Materials Storage Facility'),
	(297,'Speech and Hearing Clinic'),
	(298,'Spurlock Museum'),
	(299,'State Regional Office Building'),
	(300,'Stock Pavillion'),
	(301,'Structural Warehouse'),
	(302,'Student Dining and Residential Programs Building'),
	(303,'Student Services Arcade Building'),
	(304,'Superconductivity Center'),
	(305,'Surveying Building'),
	(306,'Swanlund Administration Building'),
	(307,'Taft House'),
	(308,'Taft Residence Hall'),
	(309,'Talbot Lab'),
	(310,'Technology Commercialization Building'),
	(311,'Temple Hoyne Buell Hall'),
	(312,'The Quad'),
	(313,'Timothy J. Nugent Hall - Ikenberry Commons'),
	(314,'Transportation Building'),
	(315,'Turner Hall'),
	(316,'Turner Hall Greenhouses'),
	(317,'Turner Student Services Building'),
	(318,'Ubben Basketball Facility'),
	(319,'Undergraduate Library'),
	(320,'University High School'),
	(321,'University High School Gymnasium'),
	(322,'University Press Building'),
	(323,'USDA Growth Chamber Building'),
	(324,'USDA Nematology Greenhouse'),
	(325,'USDA Storage Shed'),
	(326,'Van Doren Residence Hall'),
	(327,'Vegetable Crops Building'),
	(328,'Vet Med Basic Sciences Building'),
	(329,'Vet Med Feed Storage Building'),
	(330,'Vet Med Surgery and Obstetrics Laboratory'),
	(331,'Vet Teaching Hospital'),
	(332,'Vivarium, Shelford'),
	(333,'Volatile Storage Building'),
	(334,'Water Survey Warehouse'),
	(335,'Wohlers Hall'),
	(336,'Wood Engineering Laboratory'),
	(337,'Z-2 Building'),
	(338,'Z-Building'),
	(113,'DCL'),
	(291,'Siebel Center (2003)');

/*!40000 ALTER TABLE `building_names` ENABLE KEYS */;
UNLOCK TABLES;


# Dump of table buildings
# ------------------------------------------------------------

DROP TABLE IF EXISTS `buildings`;

CREATE TABLE `buildings` (
  `id` int(11) unsigned NOT NULL auto_increment,
  `name` varchar(255) default NULL,
  `address` text,
  `floors` varchar(255) default NULL,
  `x` int(11) default NULL,
  `y` int(11) default NULL,
  `width` int(11) default NULL,
  `height` int(11) default NULL,
  `phone` varchar(255) default '',
  `hours_0` varchar(255) default '',
  `hours_1` varchar(255) default NULL,
  `hours_2` varchar(255) default NULL,
  `hours_3` varchar(255) default NULL,
  `hours_4` varchar(255) default NULL,
  `hours_5` varchar(255) default NULL,
  `hours_6` varchar(255) default NULL,
  PRIMARY KEY  (`id`)
) ENGINE=MyISAM DEFAULT CHARSET=latin1;

LOCK TABLES `buildings` WRITE;
/*!40000 ALTER TABLE `buildings` DISABLE KEYS */;

INSERT INTO `buildings` (`id`, `name`, `address`, `floors`, `x`, `y`, `width`, `height`, `phone`, `hours_0`, `hours_1`, `hours_2`, `hours_3`, `hours_4`, `hours_5`, `hours_6`)
VALUES
	(1,'1203 1/2 West Nevada Street','1203 1/2 West Nevada Street<br />Urbana, IL 61801',NULL,NULL,NULL,NULL,NULL,NULL,NULL,NULL,NULL,NULL,NULL,NULL,NULL),
	(2,'1203 West Nevada Street','1203 West Nevada Street<br />Urbana, IL 61801',NULL,NULL,NULL,NULL,NULL,NULL,NULL,NULL,NULL,NULL,NULL,NULL,NULL),
	(3,'1203 West Oregon Street','1203 West Oregon Street<br />Urbana, IL 61801',NULL,NULL,NULL,NULL,NULL,NULL,NULL,NULL,NULL,NULL,NULL,NULL,NULL),
	(4,'1204 West Nevada Street','1204 West Nevada Street<br />Urbana, IL 61801',NULL,NULL,NULL,NULL,NULL,NULL,NULL,NULL,NULL,NULL,NULL,NULL,NULL),
	(5,'1205 West Nevada Street','1205 West Nevada Street<br />Urbana, IL 61801',NULL,NULL,NULL,NULL,NULL,NULL,NULL,NULL,NULL,NULL,NULL,NULL,NULL),
	(6,'1206 West Nevada Street','1206 West Nevada Street<br />Urbana, IL 61801',NULL,NULL,NULL,NULL,NULL,NULL,NULL,NULL,NULL,NULL,NULL,NULL,NULL),
	(7,'1207 West Oregon Street','1204 West Oregon<br />Urbana, IL 61801',NULL,NULL,NULL,NULL,NULL,NULL,NULL,NULL,NULL,NULL,NULL,NULL,NULL),
	(8,'1208 West Nevada Street','1208 West Nevada Street<br />Urbana, IL 61801',NULL,NULL,NULL,NULL,NULL,NULL,NULL,NULL,NULL,NULL,NULL,NULL,NULL),
	(9,'1208 West Springfield','Springfield and Goodwin<br />Champaign, IL 61820',NULL,NULL,NULL,NULL,NULL,NULL,NULL,NULL,NULL,NULL,NULL,NULL,NULL),
	(10,'505 East Green Street','505 East Green Street Suite 3<br />Champaign, IL 61820',NULL,NULL,NULL,NULL,NULL,NULL,NULL,NULL,NULL,NULL,NULL,NULL,NULL),
	(11,'507 East Daniel Street','507 East Daniel Street<br />Champaign, IL 61820',NULL,NULL,NULL,NULL,NULL,NULL,NULL,NULL,NULL,NULL,NULL,NULL,NULL),
	(12,'507 East Green Street','507 East Green Street<br />Champaign, IL 61801',NULL,NULL,NULL,NULL,NULL,NULL,NULL,NULL,NULL,NULL,NULL,NULL,NULL),
	(13,'510 East Chalmers Street','510 East Chalmers Street<br />Champaign, IL 61820',NULL,NULL,NULL,NULL,NULL,NULL,NULL,NULL,NULL,NULL,NULL,NULL,NULL),
	(14,'512 East Chalmers Street','512 East Chalmers Street<br />Champaign, IL 61820',NULL,NULL,NULL,NULL,NULL,NULL,NULL,NULL,NULL,NULL,NULL,NULL,NULL),
	(15,'708 South Mathews Avenue','708 South Mathews Avenue<br />Urbana, IL 61801',NULL,NULL,NULL,NULL,NULL,NULL,NULL,NULL,NULL,NULL,NULL,NULL,NULL),
	(16,'805 West Pennsylvania Avenue','805 West Pennsylvania Avenue<br />Urbana, IL 61801',NULL,NULL,NULL,NULL,NULL,NULL,NULL,NULL,NULL,NULL,NULL,NULL,NULL),
	(17,'911 South Sixth Street','911 South Sixth Street<br />Champaign, IL 61820',NULL,NULL,NULL,NULL,NULL,NULL,NULL,NULL,NULL,NULL,NULL,NULL,NULL),
	(18,'912 South Fifth Street','912 South Fifth Street<br />Champaign, IL 61820',NULL,NULL,NULL,NULL,NULL,NULL,NULL,NULL,NULL,NULL,NULL,NULL,NULL),
	(19,'Abbot Scrubber Building','21 East Armory Avenue<br />Champaign, IL 61820',NULL,NULL,NULL,NULL,NULL,NULL,NULL,NULL,NULL,NULL,NULL,NULL,NULL),
	(20,'Abbott Power Plant','1117 South Oak Street<br />Champaign, IL 61820',NULL,NULL,NULL,NULL,NULL,NULL,NULL,NULL,NULL,NULL,NULL,NULL,NULL),
	(21,'ACES Library, Information and Alumni Center','1101 South Goodwin Avenue<br />Urbana, IL 61801',NULL,NULL,NULL,NULL,NULL,NULL,NULL,NULL,NULL,NULL,NULL,NULL,NULL),
	(22,'Acid Rain Field Building','South Wright Street Extended<br />Champaign, IL 61820',NULL,NULL,NULL,NULL,NULL,NULL,NULL,NULL,NULL,NULL,NULL,NULL,NULL),
	(23,'Activities and Recreation Center','201 East Peabody Drive<br />Champaign, IL 61820',NULL,NULL,NULL,NULL,NULL,NULL,NULL,NULL,NULL,NULL,NULL,NULL,NULL),
	(24,'Administrative Information Technology Services Building (AITS)','50 East Gerty Drive<br />Champaign, IL 61820',NULL,NULL,NULL,NULL,NULL,NULL,NULL,NULL,NULL,NULL,NULL,NULL,NULL),
	(25,'Admissions and Records','901 West Illinois Street<br />Urbana, IL 61801',NULL,NULL,NULL,NULL,NULL,NULL,NULL,NULL,NULL,NULL,NULL,NULL,NULL),
	(26,'Advanced Computation Building','1011 West Springfield Avenue<br />Urbana, IL 61801',NULL,NULL,NULL,NULL,NULL,NULL,NULL,NULL,NULL,NULL,NULL,NULL,NULL),
	(27,'Aerodynamics Research Lab','1025 West Western Avenue<br />Urbana, IL 61801',NULL,NULL,NULL,NULL,NULL,NULL,NULL,NULL,NULL,NULL,NULL,NULL,NULL),
	(28,'Aeronautical Lab A','101 South Goodwin Avenue<br />Urbana, IL 61801',NULL,NULL,NULL,NULL,NULL,NULL,NULL,NULL,NULL,NULL,NULL,NULL,NULL),
	(29,'Afro-American Studies and Research Program','1201 West Nevada<br />Urbana, IL 61801',NULL,NULL,NULL,NULL,NULL,NULL,NULL,NULL,NULL,NULL,NULL,NULL,NULL),
	(30,'AG/PPFM Warehouses','South Wright Street Extended<br />Champaign, IL 61820',NULL,NULL,NULL,NULL,NULL,NULL,NULL,NULL,NULL,NULL,NULL,NULL,NULL),
	(31,'Agricultural Bioprocess Laboratory','1302 West Pennsylvania Avenue<br />Urbana, IL 61801',NULL,NULL,NULL,NULL,NULL,NULL,NULL,NULL,NULL,NULL,NULL,NULL,NULL),
	(32,'Agricultural Storage','East Hazelwood Drive<br />Urbana, IL 61801',NULL,NULL,NULL,NULL,NULL,NULL,NULL,NULL,NULL,NULL,NULL,NULL,NULL),
	(33,'Agriculture Engineering Sciences Building','1304 West Pennsylvania Avenue<br />Urbana, IL 61801',NULL,NULL,NULL,NULL,NULL,NULL,NULL,NULL,NULL,NULL,NULL,NULL,NULL),
	(34,'Agriculture Services Building','1917 South Wright Street Extended<br />Champaign, IL 61820',NULL,NULL,NULL,NULL,NULL,NULL,NULL,NULL,NULL,NULL,NULL,NULL,NULL),
	(35,'Agriculture Services Warehouse','1919 South Wright Street Extended<br />Champaign, IL 61820',NULL,NULL,NULL,NULL,NULL,NULL,NULL,NULL,NULL,NULL,NULL,NULL,NULL),
	(36,'Agronomy Department Barn','East Hazelwood Drive<br />Urbana, IL 61801',NULL,NULL,NULL,NULL,NULL,NULL,NULL,NULL,NULL,NULL,NULL,NULL,NULL),
	(37,'Agronomy Field Laboratory - USDA','South Wright Street Extended<br />Champaign, IL 61820',NULL,NULL,NULL,NULL,NULL,NULL,NULL,NULL,NULL,NULL,NULL,NULL,NULL),
	(38,'Agronomy/Plant Pathology Farm','West Hazelwood Drive<br />Urbana, IL 61801',NULL,NULL,NULL,NULL,NULL,NULL,NULL,NULL,NULL,NULL,NULL,NULL,NULL),
	(39,'Agronomy Seed House','2102 South Wright Street<br />Champaign, IL 61820',NULL,NULL,NULL,NULL,NULL,NULL,NULL,NULL,NULL,NULL,NULL,NULL,NULL),
	(40,'Agronomy Sheetmetal Barn','East Hazelwood Drive<br />Urbana, IL 61801',NULL,NULL,NULL,NULL,NULL,NULL,NULL,NULL,NULL,NULL,NULL,NULL,NULL),
	(41,'Agronomy Soybean Research Farm','1308 West Hazelwood Drive<br />Urbana, IL 61801',NULL,NULL,NULL,NULL,NULL,NULL,NULL,NULL,NULL,NULL,NULL,NULL,NULL),
	(42,'Alice Campbell Alumni Center','601 South Lincoln Avenue<br />Urbana, IL 61801',NULL,NULL,NULL,NULL,NULL,NULL,NULL,NULL,NULL,NULL,NULL,NULL,NULL),
	(43,'Allen Residence Hall','1005 West Gregory Drive<br />Urbana, IL 61801',NULL,NULL,NULL,NULL,NULL,NULL,NULL,NULL,NULL,NULL,NULL,NULL,NULL),
	(44,'Altgeld Hall','1409 West Green Street<br />Urbana, IL 61801',NULL,NULL,NULL,NULL,NULL,NULL,NULL,NULL,NULL,NULL,NULL,NULL,NULL),
	(45,'Animal Sciences Laboratory','1207 West Gregory Drive<br />Urbana, IL 61801',NULL,NULL,NULL,NULL,NULL,NULL,NULL,NULL,NULL,NULL,NULL,NULL,NULL),
	(46,'Anthropology Storage','2127 South Griffith Drive<br />Champaign, IL 61820',NULL,NULL,NULL,NULL,NULL,NULL,NULL,NULL,NULL,NULL,NULL,NULL,NULL),
	(47,'Aquatic Research Field Laboratory','51 East Hazelwood Drive<br />Champaign, IL 61820',NULL,NULL,NULL,NULL,NULL,NULL,NULL,NULL,NULL,NULL,NULL,NULL,NULL),
	(48,'Arboretum - Hartley Gardens','1800 South Lincoln Avenue<br />Urbana, IL 61801',NULL,NULL,NULL,NULL,NULL,NULL,NULL,NULL,NULL,NULL,NULL,NULL,NULL),
	(49,'Architecture Building','608 East Lorado Taft Drive<br />Champaign, IL 61820',NULL,NULL,NULL,NULL,NULL,NULL,NULL,NULL,NULL,NULL,NULL,NULL,NULL),
	(50,'Armory','505 East Armory Avenue<br />Champaign, IL 61820',NULL,NULL,NULL,NULL,NULL,NULL,NULL,NULL,NULL,NULL,NULL,NULL,NULL),
	(51,'Armory Avenue Warehouse','20 East Armory Avenue<br />Champaign, IL 61820',NULL,NULL,NULL,NULL,NULL,NULL,NULL,NULL,NULL,NULL,NULL,NULL,NULL),
	(52,'Art and Design Building','408 East Peabody Drive<br />Champaign, IL 61820',NULL,NULL,NULL,NULL,NULL,NULL,NULL,NULL,NULL,NULL,NULL,NULL,NULL),
	(53,'Art E Annex, Studio 2','1301 South Goodwin Avenue<br />Urbana, IL 61801',NULL,NULL,NULL,NULL,NULL,NULL,NULL,NULL,NULL,NULL,NULL,NULL,NULL),
	(54,'Art East Annex, Studio 1','1208 West Peabody Drive<br />Urbana, IL 61801',NULL,NULL,NULL,NULL,NULL,NULL,NULL,NULL,NULL,NULL,NULL,NULL,NULL),
	(55,'Art Studio','2128 South Griffith Drive<br />Champaign, IL 61820',NULL,NULL,NULL,NULL,NULL,NULL,NULL,NULL,NULL,NULL,NULL,NULL,NULL),
	(56,'Ashton Woods Family and Graduate Housing','2221-2319 South First Street<br />Champaign, IL 61820',NULL,NULL,NULL,NULL,NULL,NULL,NULL,NULL,NULL,NULL,NULL,NULL,NULL),
	(57,'Assembly Hall','1800 South First Street<br />Champaign, IL 61820',NULL,NULL,NULL,NULL,NULL,NULL,NULL,NULL,NULL,NULL,NULL,NULL,NULL),
	(58,'Astronomy Building','1002 West Green Street<br />Urbana, IL 61801',NULL,NULL,NULL,NULL,NULL,NULL,NULL,NULL,NULL,NULL,NULL,NULL,NULL),
	(59,'Atkins Tennis Center','1800 South Wright Street<br />Urbana, IL 61801',NULL,NULL,NULL,NULL,NULL,NULL,NULL,NULL,NULL,NULL,NULL,NULL,NULL),
	(60,'Atmospheric Sciences Building','103 South Gregory Street<br />Urbana, IL 61801',NULL,NULL,NULL,NULL,NULL,NULL,NULL,NULL,NULL,NULL,NULL,NULL,NULL),
	(61,'Aviation Ground School','205 South Goodwin Avenue<br />Urbana, IL 61801',NULL,NULL,NULL,NULL,NULL,NULL,NULL,NULL,NULL,NULL,NULL,NULL,NULL),
	(62,'Band Building','1103 South Sixth Street<br />Champaign, IL 61820',NULL,NULL,NULL,NULL,NULL,NULL,NULL,NULL,NULL,NULL,NULL,NULL,NULL),
	(63,'Barton Residence Hall','1205 South Fourth Street<br />Champaign, IL 61820',NULL,NULL,NULL,NULL,NULL,NULL,NULL,NULL,NULL,NULL,NULL,NULL,NULL),
	(64,'Beckman Institute','405 North Mathews Avenue<br />Urbana, IL 61801',NULL,NULL,NULL,NULL,NULL,NULL,NULL,NULL,NULL,NULL,NULL,NULL,NULL),
	(65,'Beckwith Hall','201 East John Street<br />Champaign, IL 61820',NULL,NULL,NULL,NULL,NULL,NULL,NULL,NULL,NULL,NULL,NULL,NULL,NULL),
	(66,'Beef Farms','St. Mary&apos;s Road<br />Champaign, IL 61820',NULL,NULL,NULL,NULL,NULL,NULL,NULL,NULL,NULL,NULL,NULL,NULL,NULL),
	(67,'Bee Research Facility','606 West Windsor Road<br />Urbana, IL 61801',NULL,NULL,NULL,NULL,NULL,NULL,NULL,NULL,NULL,NULL,NULL,NULL,NULL),
	(68,'Bevier Hall','905 South Goodwin Street<br />Urbana, IL 61801',NULL,NULL,NULL,NULL,NULL,NULL,NULL,NULL,NULL,NULL,NULL,NULL,NULL),
	(69,'Bielfeldt Athletic Administration Building','1700 South Fourth Street<br />Champaign, IL 61820',NULL,NULL,NULL,NULL,NULL,NULL,NULL,NULL,NULL,NULL,NULL,NULL,NULL),
	(70,'Biological Control Laboratory','1904 South Griffith Drive<br />Champaign, IL 61820',NULL,NULL,NULL,NULL,NULL,NULL,NULL,NULL,NULL,NULL,NULL,NULL,NULL),
	(71,'Biomedical Magnetic Resonance Facility','2100 South Goodwin Avenue Extended<br />Urbana, IL 61801',NULL,NULL,NULL,NULL,NULL,NULL,NULL,NULL,NULL,NULL,NULL,NULL,NULL),
	(72,'Building Research Council','1 East St. Mary&apos;s Road<br />Champaign, IL 61820',NULL,NULL,NULL,NULL,NULL,NULL,NULL,NULL,NULL,NULL,NULL,NULL,NULL),
	(73,'Building Research Council Laboratory','1804 South Griffith Drive<br />Champaign, IL 61820',NULL,NULL,NULL,NULL,NULL,NULL,NULL,NULL,NULL,NULL,NULL,NULL,NULL),
	(74,'Building Research Laboratory','1806 South Griffith Drive<br />Champaign, IL 61820',NULL,NULL,NULL,NULL,NULL,NULL,NULL,NULL,NULL,NULL,NULL,NULL,NULL),
	(75,'Burnsides Research Laboratory','1208 West Pennsylvania Avenue<br />Urbana, IL 61801',NULL,NULL,NULL,NULL,NULL,NULL,NULL,NULL,NULL,NULL,NULL,NULL,NULL),
	(76,'Burrill Hall','407 South Goodwin Avenue<br />Urbana, IL 61801',NULL,NULL,NULL,NULL,NULL,NULL,NULL,NULL,NULL,NULL,NULL,NULL,NULL),
	(77,'Busey-Evans Residence Halls','1111-1115 West Nevada Street<br />Urbana, IL 61801',NULL,NULL,NULL,NULL,NULL,NULL,NULL,NULL,NULL,NULL,NULL,NULL,NULL),
	(78,'Campbell Hall for Public Telecommunications','300 North Goodwin Avenue<br />Urbana, IL 61801',NULL,NULL,NULL,NULL,NULL,NULL,NULL,NULL,NULL,NULL,NULL,NULL,NULL),
	(79,'Campus Honors Program','1205 West Oregon Street<br />Urbana, IL 61801',NULL,NULL,NULL,NULL,NULL,NULL,NULL,NULL,NULL,NULL,NULL,NULL,NULL),
	(80,'Campus Recreation Center East (CRCE)','1102 West Gregory Drive<br />Urbana, IL 61801',NULL,NULL,NULL,NULL,NULL,NULL,NULL,NULL,NULL,NULL,NULL,NULL,NULL),
	(81,'Campus Recreation Outdoor Center','51 East Gregory Drive<br />Champaign, IL 61820',NULL,NULL,NULL,NULL,NULL,NULL,NULL,NULL,NULL,NULL,NULL,NULL,NULL),
	(82,'Career Center (in Student Services Arcade Bldg.)','713 South Wright Street<br />Champaign, IL 61820',NULL,NULL,NULL,NULL,NULL,NULL,NULL,NULL,NULL,NULL,NULL,NULL,NULL),
	(83,'Center for Advanced Study','912 West Illinois Street<br />Urbana, IL 61801',NULL,NULL,NULL,NULL,NULL,NULL,NULL,NULL,NULL,NULL,NULL,NULL,NULL),
	(84,'Center on Democracy in a Multiracial Society','1108 West Stoughton Avenue<br />Urbana, IL 61801',NULL,NULL,NULL,NULL,NULL,NULL,NULL,NULL,NULL,NULL,NULL,NULL,NULL),
	(85,'Central Stores Receiving Building','1609 South Oak Street<br />Champaign, IL 61820',NULL,NULL,NULL,NULL,NULL,NULL,NULL,NULL,NULL,NULL,NULL,NULL,NULL),
	(86,'Ceramics','2110 South Griffith Drive<br />Champaign, IL 61820',NULL,NULL,NULL,NULL,NULL,NULL,NULL,NULL,NULL,NULL,NULL,NULL,NULL),
	(87,'Ceramics Building','105 South Goodwin Avenue<br />Urbana, IL 61801',NULL,NULL,NULL,NULL,NULL,NULL,NULL,NULL,NULL,NULL,NULL,NULL,NULL),
	(88,'Ceramics Kiln House','107 South Goodwin Avenue<br />Urbana, IL 61801',NULL,NULL,NULL,NULL,NULL,NULL,NULL,NULL,NULL,NULL,NULL,NULL,NULL),
	(89,'Champaign Residence Halls','Fourth Street and Gregory Drive<br />Champaign, IL 61820',NULL,NULL,NULL,NULL,NULL,NULL,NULL,NULL,NULL,NULL,NULL,NULL,NULL),
	(90,'Chemical and Life Science Laboratory (A)','601 South Goodwin Avenue<br />Urbana, IL 61801',NULL,NULL,NULL,NULL,NULL,NULL,NULL,NULL,NULL,NULL,NULL,NULL,NULL),
	(91,'Chemical and Life Science Laboratory (B and C)','602 South Goodwin Avenue<br />Urbana, IL 61801',NULL,NULL,NULL,NULL,NULL,NULL,NULL,NULL,NULL,NULL,NULL,NULL,NULL),
	(92,'Chemistry Annex','601 South Mathews Avenue<br />Urbana, IL 61801',NULL,NULL,NULL,NULL,NULL,NULL,NULL,NULL,NULL,NULL,NULL,NULL,NULL),
	(93,'Child Development Laboratory','1105 West Nevada Street<br />Urbana, IL 61801',NULL,NULL,NULL,NULL,NULL,NULL,NULL,NULL,NULL,NULL,NULL,NULL,NULL),
	(94,'Children\'s Research Center','51 East Gerty Drive<br />Champaign, IL 61820',NULL,NULL,NULL,NULL,NULL,NULL,NULL,NULL,NULL,NULL,NULL,NULL,NULL),
	(95,'Claims Management Office','100 Trade Centre Drive, Suite 103<br />Champaign, IL 61820',NULL,NULL,NULL,NULL,NULL,NULL,NULL,NULL,NULL,NULL,NULL,NULL,NULL),
	(96,'Clark Hall Housing Administration','1203 South Fourth Street<br />Champaign, IL 61820',NULL,NULL,NULL,NULL,NULL,NULL,NULL,NULL,NULL,NULL,NULL,NULL,NULL),
	(97,'Clay Hydrology Laboratory','1910 South Griffith Drive<br />Champaign, IL 61820',NULL,NULL,NULL,NULL,NULL,NULL,NULL,NULL,NULL,NULL,NULL,NULL,NULL),
	(98,'Coble Hall','805 South Wright Street<br />Champaign, IL 61820',NULL,NULL,NULL,NULL,NULL,NULL,NULL,NULL,NULL,NULL,NULL,NULL,NULL),
	(99,'College of Business Instructional Facility','515 East Gregory Drive<br />Champaign, IL 61820',NULL,NULL,NULL,NULL,NULL,NULL,NULL,NULL,NULL,NULL,NULL,NULL,NULL),
	(100,'Colonel Wolfe School','401 East Healey Street<br />Champaign, IL 61820',NULL,NULL,NULL,NULL,NULL,NULL,NULL,NULL,NULL,NULL,NULL,NULL,NULL),
	(101,'Computing Applications Building','605 East Springfield Avenue<br />Champaign, IL 61820',NULL,NULL,NULL,NULL,NULL,NULL,NULL,NULL,NULL,NULL,NULL,NULL,NULL),
	(102,'Coordinated Science Laboratory','1308 West Main Street<br />Urbana, IL 61801',NULL,NULL,NULL,NULL,NULL,NULL,NULL,NULL,NULL,NULL,NULL,NULL,NULL),
	(103,'Core Storage Building','South Griffith Drive<br />Champaign, IL 61820',NULL,NULL,NULL,NULL,NULL,NULL,NULL,NULL,NULL,NULL,NULL,NULL,NULL),
	(104,'Credit Union Building','2201 South First Street<br />Champaign, IL 61820',NULL,NULL,NULL,NULL,NULL,NULL,NULL,NULL,NULL,NULL,NULL,NULL,NULL),
	(105,'Credit Union Mini-branch','502 East John Street<br />Champaign, IL 61820',NULL,NULL,NULL,NULL,NULL,NULL,NULL,NULL,NULL,NULL,NULL,NULL,NULL),
	(106,'CSREC Building','2008 South Wright Street<br />Urbana, IL 61801',NULL,NULL,NULL,NULL,NULL,NULL,NULL,NULL,NULL,NULL,NULL,NULL,NULL),
	(107,'Dairy Research Farm','South Lincoln Avenue<br />Urbana, IL 61820',NULL,NULL,NULL,NULL,NULL,NULL,NULL,NULL,NULL,NULL,NULL,NULL,NULL),
	(108,'Dance Administration Building','907 1/2 West Nevada Street<br />Urbana, IL 61801',NULL,NULL,NULL,NULL,NULL,NULL,NULL,NULL,NULL,NULL,NULL,NULL,NULL),
	(109,'Dance Studio','905 West Nevada Street<br />Urbana, IL 61801',NULL,NULL,NULL,NULL,NULL,NULL,NULL,NULL,NULL,NULL,NULL,NULL,NULL),
	(110,'Daniels Hall (Graduate Housing)','1010 West Green Street<br />Urbana, IL 61801',NULL,NULL,NULL,NULL,NULL,NULL,NULL,NULL,NULL,NULL,NULL,NULL,NULL),
	(111,'Davenport Hall','607 South Mathews Avenue<br />Urbana, IL 61801',NULL,NULL,NULL,NULL,NULL,NULL,NULL,NULL,NULL,NULL,NULL,NULL,NULL),
	(112,'David Kinley Hall','1407 West Gregory Drive<br />Urbana, IL 61801',NULL,NULL,NULL,NULL,NULL,NULL,NULL,NULL,NULL,NULL,NULL,NULL,NULL),
	(113,'Digital Computer Laboratory','1304 West Springfield Avenue<br />Urbana, IL 61801','0,1,2,3',1179,303,96,57,'(217) 555-2467','9am - 7pm','7am - 6pm','7am - 6pm','7am - 6pm','7am - 6pm','7am - 6pm','9am - 7pm'),
	(114,'Doris Kelley Christopher Hall','904 West Nevada Street<br />Urbana, IL 61801',NULL,NULL,NULL,NULL,NULL,NULL,NULL,NULL,NULL,NULL,NULL,NULL,NULL),
	(115,'Driver Training Facility','8 East Gerty Drive<br />Champaign, IL 61820',NULL,NULL,NULL,NULL,NULL,NULL,NULL,NULL,NULL,NULL,NULL,NULL,NULL),
	(116,'Driver Training Site Storage Building','6 East Gerty Drive<br />Champaign, IL 61820',NULL,NULL,NULL,NULL,NULL,NULL,NULL,NULL,NULL,NULL,NULL,NULL,NULL),
	(117,'Early Child Development Building','1005 West Nevada Street<br />Urbana, IL 61801',NULL,NULL,NULL,NULL,NULL,NULL,NULL,NULL,NULL,NULL,NULL,NULL,NULL),
	(118,'Education Building','1310 South Sixth Street<br />Champaign, IL 61820',NULL,NULL,NULL,NULL,NULL,NULL,NULL,NULL,NULL,NULL,NULL,NULL,NULL),
	(119,'Eichelberger Field','1201 West Florida Avenue<br />Urbana, IL 61801',NULL,NULL,NULL,NULL,NULL,NULL,NULL,NULL,NULL,NULL,NULL,NULL,NULL),
	(120,'Electrical Engineering Storage','2121 Griffith Drive<br />Champaign, IL 61820',NULL,NULL,NULL,NULL,NULL,NULL,NULL,NULL,NULL,NULL,NULL,NULL,NULL),
	(121,'Engineering Hall','1308 West Green Street<br />Urbana, IL 61801',NULL,NULL,NULL,NULL,NULL,NULL,NULL,NULL,NULL,NULL,NULL,NULL,NULL),
	(122,'Engineering Quad','North of Green Street<br />Urbana, IL 61801',NULL,NULL,NULL,NULL,NULL,NULL,NULL,NULL,NULL,NULL,NULL,NULL,NULL),
	(123,'Engineering Sciences Building','1101 West Springfield Avenue<br />Urbana, IL 61801',NULL,NULL,NULL,NULL,NULL,NULL,NULL,NULL,NULL,NULL,NULL,NULL,NULL),
	(124,'Engineering Senior Design Studio','1013 West Western Avenue<br />Urbana, IL 61801',NULL,NULL,NULL,NULL,NULL,NULL,NULL,NULL,NULL,NULL,NULL,NULL,NULL),
	(125,'Engineering Student Project Lab','1023 West Western Avenue<br />Urbana, IL 61801',NULL,NULL,NULL,NULL,NULL,NULL,NULL,NULL,NULL,NULL,NULL,NULL,NULL),
	(126,'English Building','608 South Wright Street<br />Urbana, IL 61801',NULL,NULL,NULL,NULL,NULL,NULL,NULL,NULL,NULL,NULL,NULL,NULL,NULL),
	(127,'Enterprise Works','60 Hazelwood Drive<br />Champaign, IL 61820',NULL,NULL,NULL,NULL,NULL,NULL,NULL,NULL,NULL,NULL,NULL,NULL,NULL),
	(128,'Entomology Laboratory','1902 Griffith Drive<br />Champaign, IL 61820',NULL,NULL,NULL,NULL,NULL,NULL,NULL,NULL,NULL,NULL,NULL,NULL,NULL),
	(129,'Environmental Health and Safety','101 South Gregory Street<br />Urbana, IL 61801',NULL,NULL,NULL,NULL,NULL,NULL,NULL,NULL,NULL,NULL,NULL,NULL,NULL),
	(130,'Environmental Research Annex','1009 West Western Avenue<br />Urbana, IL 61801',NULL,NULL,NULL,NULL,NULL,NULL,NULL,NULL,NULL,NULL,NULL,NULL,NULL),
	(131,'Everitt Lab','1406 West Green Street<br />Urbana, IL 61801',NULL,NULL,NULL,NULL,NULL,NULL,NULL,NULL,NULL,NULL,NULL,NULL,NULL),
	(132,'Firemanship Training Center','11 Gerty Drive<br />Champaign, IL 61820',NULL,NULL,NULL,NULL,NULL,NULL,NULL,NULL,NULL,NULL,NULL,NULL,NULL),
	(133,'Fire Service Institute','9 East Gerty Drive<br />Champaign, IL 61820',NULL,NULL,NULL,NULL,NULL,NULL,NULL,NULL,NULL,NULL,NULL,NULL,NULL),
	(134,'Fire Substation','1105 West Gregory Drive<br />Urbana, IL 61801',NULL,NULL,NULL,NULL,NULL,NULL,NULL,NULL,NULL,NULL,NULL,NULL,NULL),
	(135,'Flagg Hall','1207 South Fourth Street<br />Champaign, IL 61820',NULL,NULL,NULL,NULL,NULL,NULL,NULL,NULL,NULL,NULL,NULL,NULL,NULL),
	(136,'Florida and Lincoln Playing Fields Complex','Florida Avenue and Lincoln Avenue<br />Urbana, IL 61801',NULL,NULL,NULL,NULL,NULL,NULL,NULL,NULL,NULL,NULL,NULL,NULL,NULL),
	(137,'Florida Avenue Residence Halls','Florida Avenue<br />Urbana, IL 61801',NULL,NULL,NULL,NULL,NULL,NULL,NULL,NULL,NULL,NULL,NULL,NULL,NULL),
	(138,'Foellinger Auditorium','709 South Mathews Avenue<br />Urbana, IL 61801',NULL,NULL,NULL,NULL,NULL,NULL,NULL,NULL,NULL,NULL,NULL,NULL,NULL),
	(139,'Food Science Dry Processing Laboratory','Hazelwood Drive<br />Urbana, IL 61801',NULL,NULL,NULL,NULL,NULL,NULL,NULL,NULL,NULL,NULL,NULL,NULL,NULL),
	(140,'Food Storage Shed - Hort Field Laboratory','South Orchard Street<br />Urbana, IL 61801',NULL,NULL,NULL,NULL,NULL,NULL,NULL,NULL,NULL,NULL,NULL,NULL,NULL),
	(141,'Foreign Languages Building','707 South Mathews Avenue<br />Urbana, IL 61801',NULL,NULL,NULL,NULL,NULL,NULL,NULL,NULL,NULL,NULL,NULL,NULL,NULL),
	(142,'Freer Hall','906 South Goodwin Avenue<br />Urbana, IL 61801',NULL,NULL,NULL,NULL,NULL,NULL,NULL,NULL,NULL,NULL,NULL,NULL,NULL),
	(143,'Fuel and Oil Storage Tanks','1717 South Oak Street<br />Champaign, IL 61820',NULL,NULL,NULL,NULL,NULL,NULL,NULL,NULL,NULL,NULL,NULL,NULL,NULL),
	(144,'Garage/Car Pool','1701 South Oak Street<br />Champaign, IL 61820',NULL,NULL,NULL,NULL,NULL,NULL,NULL,NULL,NULL,NULL,NULL,NULL,NULL),
	(145,'Garage - Hort Field Laboratory','South Orchard Street<br />Urbana, IL 61801',NULL,NULL,NULL,NULL,NULL,NULL,NULL,NULL,NULL,NULL,NULL,NULL,NULL),
	(146,'General Arts','2111 Griffith Drive<br />Champaign, IL 61820',NULL,NULL,NULL,NULL,NULL,NULL,NULL,NULL,NULL,NULL,NULL,NULL,NULL),
	(147,'Geological Survey Laboratory','1116 South Oak Street<br />Champaign, IL 61820',NULL,NULL,NULL,NULL,NULL,NULL,NULL,NULL,NULL,NULL,NULL,NULL,NULL),
	(148,'Glass Building','2116 Griffith Drive<br />Champaign, IL 61820',NULL,NULL,NULL,NULL,NULL,NULL,NULL,NULL,NULL,NULL,NULL,NULL,NULL),
	(149,'Goodwin-Green Apartments','Goodwin Avenue and Green Street<br />Urbana, IL 61801',NULL,NULL,NULL,NULL,NULL,NULL,NULL,NULL,NULL,NULL,NULL,NULL,NULL),
	(150,'Government and Public Affairs, Institute of','1007 West Nevada Street<br />Urbana, IL 61801',NULL,NULL,NULL,NULL,NULL,NULL,NULL,NULL,NULL,NULL,NULL,NULL,NULL),
	(151,'Graduate Painting','2109 South Griffith Drive<br />Champaign, IL 61820',NULL,NULL,NULL,NULL,NULL,NULL,NULL,NULL,NULL,NULL,NULL,NULL,NULL),
	(152,'Graduate Photography','2108 South Griffith Drive<br />Champaign, IL 61820',NULL,NULL,NULL,NULL,NULL,NULL,NULL,NULL,NULL,NULL,NULL,NULL,NULL),
	(153,'Grainger Engineering Library Information Center','1301 West Springfield Avenue<br />Urbana, IL 61801',NULL,NULL,NULL,NULL,NULL,NULL,NULL,NULL,NULL,NULL,NULL,NULL,NULL),
	(154,'Gregory Hall','810 South Wright Street<br />Urbana, IL 61801',NULL,NULL,NULL,NULL,NULL,NULL,NULL,NULL,NULL,NULL,NULL,NULL,NULL),
	(155,'Gregory Place I','701 Gregory Street<br />Urbana, IL 61801',NULL,NULL,NULL,NULL,NULL,NULL,NULL,NULL,NULL,NULL,NULL,NULL,NULL),
	(156,'Gregory Place II','1010 W. Nevada St.<br />Urbana, IL 61801',NULL,NULL,NULL,NULL,NULL,NULL,NULL,NULL,NULL,NULL,NULL,NULL,NULL),
	(157,'Hallene Gateway','Illinois Street and Lincoln Avenue<br />Urbana, IL 61801',NULL,NULL,NULL,NULL,NULL,NULL,NULL,NULL,NULL,NULL,NULL,NULL,NULL),
	(158,'Harker Hall','1305 West Green Street<br />Urbana, IL 61801',NULL,NULL,NULL,NULL,NULL,NULL,NULL,NULL,NULL,NULL,NULL,NULL,NULL),
	(159,'Henry Administration Building','506 South Wright Street<br />Urbana, IL 61801',NULL,NULL,NULL,NULL,NULL,NULL,NULL,NULL,NULL,NULL,NULL,NULL,NULL),
	(160,'Horse Farms','St. Mary&apos;s Road<br />Champaign, IL 61820',NULL,NULL,NULL,NULL,NULL,NULL,NULL,NULL,NULL,NULL,NULL,NULL,NULL),
	(161,'Hort Fields Research Laboratory','South Lincoln Avenue<br />Urbana, IL 61801',NULL,NULL,NULL,NULL,NULL,NULL,NULL,NULL,NULL,NULL,NULL,NULL,NULL),
	(162,'Horticulture Field Laboratory','1707 South Orchard Street<br />Urbana, IL 61801',NULL,NULL,NULL,NULL,NULL,NULL,NULL,NULL,NULL,NULL,NULL,NULL,NULL),
	(163,'Housing Food Stores','1321 South Oak Street<br />Champaign, IL 61820',NULL,NULL,NULL,NULL,NULL,NULL,NULL,NULL,NULL,NULL,NULL,NULL,NULL),
	(164,'Housing Warehouse','511 West Hazelwood Drive<br />Urbana, IL 61801',NULL,NULL,NULL,NULL,NULL,NULL,NULL,NULL,NULL,NULL,NULL,NULL,NULL),
	(165,'Huff Hall','1206 South Fourth Street<br />Champaign, IL 61820',NULL,NULL,NULL,NULL,NULL,NULL,NULL,NULL,NULL,NULL,NULL,NULL,NULL),
	(166,'Hydrogen Liquefier Building','1301 South Oak Street<br />Champaign, IL 61820',NULL,NULL,NULL,NULL,NULL,NULL,NULL,NULL,NULL,NULL,NULL,NULL,NULL),
	(167,'Hydrosystems Lab','301 North Mathews Avenue<br />Urbana, IL 61801',NULL,NULL,NULL,NULL,NULL,NULL,NULL,NULL,NULL,NULL,NULL,NULL,NULL),
	(168,'I Building','1816 South Oak Street<br />Champaign, IL 61820',NULL,NULL,NULL,NULL,NULL,NULL,NULL,NULL,NULL,NULL,NULL,NULL,NULL),
	(169,'Ice Arena','406 East Armory Avenue<br />Champaign, IL 61820',NULL,NULL,NULL,NULL,NULL,NULL,NULL,NULL,NULL,NULL,NULL,NULL,NULL),
	(170,'ICS Oregon Computing Laboratory','901 West Oregon Street<br />Urbana, IL 61801',NULL,NULL,NULL,NULL,NULL,NULL,NULL,NULL,NULL,NULL,NULL,NULL,NULL),
	(171,'iCyt','2100 South Oak Street<br />Champaign, IL 61801',NULL,NULL,NULL,NULL,NULL,NULL,NULL,NULL,NULL,NULL,NULL,NULL,NULL),
	(172,'I Hotel and Conference Center','1900 South First Street<br />Champaign, IL 61820-6914',NULL,NULL,NULL,NULL,NULL,NULL,NULL,NULL,NULL,NULL,NULL,NULL,NULL),
	(173,'Illini Grove','Lincoln Avenue and Pennsylvania Avenue<br />Urbana, IL 61801',NULL,NULL,NULL,NULL,NULL,NULL,NULL,NULL,NULL,NULL,NULL,NULL,NULL),
	(174,'Illini Hall','721 South Wright Street<br />Champaign, IL 61820',NULL,NULL,NULL,NULL,NULL,NULL,NULL,NULL,NULL,NULL,NULL,NULL,NULL),
	(175,'Illini Union','1401 West Green Street<br />Urbana, IL 61801',NULL,NULL,NULL,NULL,NULL,NULL,NULL,NULL,NULL,NULL,NULL,NULL,NULL),
	(176,'Illini Union Bookstore','807 and 809 South Wright Street<br />Champaign, IL 61820',NULL,NULL,NULL,NULL,NULL,NULL,NULL,NULL,NULL,NULL,NULL,NULL,NULL),
	(177,'Illini Union Warehouse #2','509 West Hazelwood Drive<br />Urbana, IL 61801',NULL,NULL,NULL,NULL,NULL,NULL,NULL,NULL,NULL,NULL,NULL,NULL,NULL),
	(178,'Illinois Field','1605 South Wright Street<br />Champaign, IL 61820',NULL,NULL,NULL,NULL,NULL,NULL,NULL,NULL,NULL,NULL,NULL,NULL,NULL),
	(179,'Illinois Library Computer System Office','501 East Daniel Street<br />Champaign, IL 61820',NULL,NULL,NULL,NULL,NULL,NULL,NULL,NULL,NULL,NULL,NULL,NULL,NULL),
	(180,'Illinois Radio Reader','59 East Armory Avenue<br />Champaign, IL 61820',NULL,NULL,NULL,NULL,NULL,NULL,NULL,NULL,NULL,NULL,NULL,NULL,NULL),
	(181,'Illinois State Water Survey','2204 Griffith Drive<br />Champaign, IL 61820',NULL,NULL,NULL,NULL,NULL,NULL,NULL,NULL,NULL,NULL,NULL,NULL,NULL),
	(182,'Illinois Street Residence Halls','Illinois Street and Lincoln Avenue<br />Urbana, IL 61801',NULL,NULL,NULL,NULL,NULL,NULL,NULL,NULL,NULL,NULL,NULL,NULL,NULL),
	(183,'Illinois Sustainable Technology Research Center','1 East Hazelwood Drive<br />Champaign, IL 61820',NULL,NULL,NULL,NULL,NULL,NULL,NULL,NULL,NULL,NULL,NULL,NULL,NULL),
	(184,'Implement Shed','Hazelwood Drive - North Side<br />Urbana, IL 61801',NULL,NULL,NULL,NULL,NULL,NULL,NULL,NULL,NULL,NULL,NULL,NULL,NULL),
	(185,'Imported Swine Research Laboratory','201 Hazelwood Drive<br />Champaign, IL 61820',NULL,NULL,NULL,NULL,NULL,NULL,NULL,NULL,NULL,NULL,NULL,NULL,NULL),
	(186,'Indoor Golf Facility','1415 West St. Marty&apos;s Road<br />Urbana, IL 61820',NULL,NULL,NULL,NULL,NULL,NULL,NULL,NULL,NULL,NULL,NULL,NULL,NULL),
	(187,'Institute for Genomic Biology','1206 West Gregory Avenue<br />Urbana, IL 61801',NULL,NULL,NULL,NULL,NULL,NULL,NULL,NULL,NULL,NULL,NULL,NULL,NULL),
	(188,'International Studies Building','910 South Fifth Street<br />Champaign, IL 61820',NULL,NULL,NULL,NULL,NULL,NULL,NULL,NULL,NULL,NULL,NULL,NULL,NULL),
	(189,'Irwin Academic Services Center','402 East Armory Avenue<br />Champaign, IL 61820',NULL,NULL,NULL,NULL,NULL,NULL,NULL,NULL,NULL,NULL,NULL,NULL,NULL),
	(190,'Irwin Indoor Football Practive Facility','301 East Peabody Drive<br />Champaign, IL 61820',NULL,NULL,NULL,NULL,NULL,NULL,NULL,NULL,NULL,NULL,NULL,NULL,NULL),
	(191,'Japan House','2000 South Lincoln Avenue<br />Urbana, IL 61801',NULL,NULL,NULL,NULL,NULL,NULL,NULL,NULL,NULL,NULL,NULL,NULL,NULL),
	(192,'Kenney Gym','1402 West Springfield Avenue<br />Urbana, IL 61801',NULL,NULL,NULL,NULL,NULL,NULL,NULL,NULL,NULL,NULL,NULL,NULL,NULL),
	(193,'Kenney Gym Annex','1402 West Springfield Avenue<br />Urbana, IL 61801',NULL,NULL,NULL,NULL,NULL,NULL,NULL,NULL,NULL,NULL,NULL,NULL,NULL),
	(194,'Krannert Art Museum and Kinkead Pavillion','500 East Peabody Drive<br />Champaign, IL 61820',NULL,NULL,NULL,NULL,NULL,NULL,NULL,NULL,NULL,NULL,NULL,NULL,NULL),
	(195,'Krannert Center for the Performing Arts','500 South Goodwin Avenue<br />Urbana, IL 61801',NULL,NULL,NULL,NULL,NULL,NULL,NULL,NULL,NULL,NULL,NULL,NULL,NULL),
	(196,'Labor and Employment Relations, School of','504 East Armory Avenue<br />Champaign, IL 61820',NULL,NULL,NULL,NULL,NULL,NULL,NULL,NULL,NULL,NULL,NULL,NULL,NULL),
	(197,'Law Building','504 East Pennsylvania Avenue<br />Champaign, IL 61820',NULL,NULL,NULL,NULL,NULL,NULL,NULL,NULL,NULL,NULL,NULL,NULL,NULL),
	(198,'Levis Faculty Center','919 West Illinois Street<br />Urbana, IL 61801',NULL,NULL,NULL,NULL,NULL,NULL,NULL,NULL,NULL,NULL,NULL,NULL,NULL),
	(199,'Library and Information Science','501 East Daniel Street<br />Champaign, IL 61820',NULL,NULL,NULL,NULL,NULL,NULL,NULL,NULL,NULL,NULL,NULL,NULL,NULL),
	(200,'Lincoln Avenue Residence Hall','1005 South Lincoln Avenue<br />Urbana, IL 61801',NULL,NULL,NULL,NULL,NULL,NULL,NULL,NULL,NULL,NULL,NULL,NULL,NULL),
	(201,'Lincoln Hall','702 South Wright Street<br />Urbana, IL 61801',NULL,NULL,NULL,NULL,NULL,NULL,NULL,NULL,NULL,NULL,NULL,NULL,NULL),
	(202,'Loomis Lab','1110 West Green Street<br />Urbana, IL 61801',NULL,NULL,NULL,NULL,NULL,NULL,NULL,NULL,NULL,NULL,NULL,NULL,NULL),
	(203,'Lundgren Residence Hall','1201 South Fourth Street<br />Champaign, IL 61820',NULL,NULL,NULL,NULL,NULL,NULL,NULL,NULL,NULL,NULL,NULL,NULL,NULL),
	(204,'Machine and Equine Storage Shed - Agronomy','West Hazelwood Drive<br />Urbana, IL 61801',NULL,NULL,NULL,NULL,NULL,NULL,NULL,NULL,NULL,NULL,NULL,NULL,NULL),
	(205,'Machinery Storage Building','West Hazelwood Drive<br />Urbana, IL 61801',NULL,NULL,NULL,NULL,NULL,NULL,NULL,NULL,NULL,NULL,NULL,NULL,NULL),
	(206,'Machine Storage Building','East Hazelwood Drive<br />Urbana, IL 61801',NULL,NULL,NULL,NULL,NULL,NULL,NULL,NULL,NULL,NULL,NULL,NULL,NULL),
	(207,'Madigan Laboratory','1201 West Gregory Drive<br />Urbana, IL 61801',NULL,NULL,NULL,NULL,NULL,NULL,NULL,NULL,NULL,NULL,NULL,NULL,NULL),
	(208,'Mailing Center','1611 South Oak Street<br />Champaign, IL 61820',NULL,NULL,NULL,NULL,NULL,NULL,NULL,NULL,NULL,NULL,NULL,NULL,NULL),
	(209,'Main Library','1408 West Gregory Drive<br />Urbana, IL 61801',NULL,NULL,NULL,NULL,NULL,NULL,NULL,NULL,NULL,NULL,NULL,NULL,NULL),
	(210,'Materials Science and Engineering Building','1304 West Green Street<br />Urbana, IL 61801',NULL,NULL,NULL,NULL,NULL,NULL,NULL,NULL,NULL,NULL,NULL,NULL,NULL),
	(211,'McFarland Carillion','South Quad<br />Urbana, IL 61801',NULL,NULL,NULL,NULL,NULL,NULL,NULL,NULL,NULL,NULL,NULL,NULL,NULL),
	(212,'McKinley Health Center','1109 South Lincoln Avenue<br />Urbana, IL 61801',NULL,NULL,NULL,NULL,NULL,NULL,NULL,NULL,NULL,NULL,NULL,NULL,NULL),
	(213,'Meat Science Laboratory','1503 South Maryland Drive<br />Urbana, IL 61801',NULL,NULL,NULL,NULL,NULL,NULL,NULL,NULL,NULL,NULL,NULL,NULL,NULL),
	(214,'Mechanical Engineering Building','1206 West Green Street<br />Urbana, IL 61801',NULL,NULL,NULL,NULL,NULL,NULL,NULL,NULL,NULL,NULL,NULL,NULL,NULL),
	(215,'Mechanical Engineering Laboratory','105 South Mathews Avenue<br />Urbana, IL 61801',NULL,NULL,NULL,NULL,NULL,NULL,NULL,NULL,NULL,NULL,NULL,NULL,NULL),
	(216,'Medical Sciences Building','506 South Mathews Avenue<br />Urbana, IL 61801',NULL,NULL,NULL,NULL,NULL,NULL,NULL,NULL,NULL,NULL,NULL,NULL,NULL),
	(217,'Memorial Stadium','200 East Florida Avenue<br />Champaign, IL 61820',NULL,NULL,NULL,NULL,NULL,NULL,NULL,NULL,NULL,NULL,NULL,NULL,NULL),
	(218,'Micro and Nanotechnology Laboratory','208 North Wright Street<br />Urbana, IL 61801',NULL,NULL,NULL,NULL,NULL,NULL,NULL,NULL,NULL,NULL,NULL,NULL,NULL),
	(219,'Morrill Hall','505 South Goodwin Avenue<br />Urbana, IL 61801',NULL,NULL,NULL,NULL,NULL,NULL,NULL,NULL,NULL,NULL,NULL,NULL,NULL),
	(220,'Morrow Plots','Gregory Drive<br />Urbana, IL 61801',NULL,NULL,NULL,NULL,NULL,NULL,NULL,NULL,NULL,NULL,NULL,NULL,NULL),
	(221,'Motorcycle Safety Program','4 Gerty Drive<br />Champaign, IL 61820',NULL,NULL,NULL,NULL,NULL,NULL,NULL,NULL,NULL,NULL,NULL,NULL,NULL),
	(222,'Motorola Building','1801 South First Street<br />Champaign, IL 61820',NULL,NULL,NULL,NULL,NULL,NULL,NULL,NULL,NULL,NULL,NULL,NULL,NULL),
	(223,'Multiplex Playing Fields','First Street and Stadium Drive<br />Champaign, IL 61820',NULL,NULL,NULL,NULL,NULL,NULL,NULL,NULL,NULL,NULL,NULL,NULL,NULL),
	(224,'Mumford Hall','1301 West Gregory Drive<br />Urbana, IL 61820',NULL,NULL,NULL,NULL,NULL,NULL,NULL,NULL,NULL,NULL,NULL,NULL,NULL),
	(225,'Mumford House','1403 West Lorado Taft Drive<br />Urbana, IL 61801',NULL,NULL,NULL,NULL,NULL,NULL,NULL,NULL,NULL,NULL,NULL,NULL,NULL),
	(226,'Music Building','1114 West Nevada Street<br />Urbana, IL 61801',NULL,NULL,NULL,NULL,NULL,NULL,NULL,NULL,NULL,NULL,NULL,NULL,NULL),
	(227,'Music Education Annex','909 West Oregon Street<br />Urbana, IL 61801',NULL,NULL,NULL,NULL,NULL,NULL,NULL,NULL,NULL,NULL,NULL,NULL,NULL),
	(228,'National Center for Supercomputing Applications (NCSA)','1205 West Clark Street<br />Urbana, IL 61820',NULL,NULL,NULL,NULL,NULL,NULL,NULL,NULL,NULL,NULL,NULL,NULL,NULL),
	(229,'National Soybean Research Center','1101 West Peabody Drive<br />Urbana, IL 61801',NULL,NULL,NULL,NULL,NULL,NULL,NULL,NULL,NULL,NULL,NULL,NULL,NULL),
	(230,'Natural History Building','1301 West Green Street<br />Urbana, IL 61801',NULL,NULL,NULL,NULL,NULL,NULL,NULL,NULL,NULL,NULL,NULL,NULL,NULL),
	(231,'Natural History Survey Greenhouse','614 East Pennsylvania Avenue<br />Champaign, IL 61820',NULL,NULL,NULL,NULL,NULL,NULL,NULL,NULL,NULL,NULL,NULL,NULL,NULL),
	(232,'Natural History Survey Storage B #1','1910 South Griffith Drive<br />Champaign, IL 61820',NULL,NULL,NULL,NULL,NULL,NULL,NULL,NULL,NULL,NULL,NULL,NULL,NULL),
	(233,'Natural History Survey Storage B #2','1910 South Griffith Drive<br />Champaign, IL 61820',NULL,NULL,NULL,NULL,NULL,NULL,NULL,NULL,NULL,NULL,NULL,NULL,NULL),
	(234,'Natural History Survey Storage B #3','1910 South Griffith Drive<br />Champaign, IL 61820',NULL,NULL,NULL,NULL,NULL,NULL,NULL,NULL,NULL,NULL,NULL,NULL,NULL),
	(235,'Natural History Survey Storage B #4','1910 South Griffith Drive<br />Champaign, IL 61820',NULL,NULL,NULL,NULL,NULL,NULL,NULL,NULL,NULL,NULL,NULL,NULL,NULL),
	(236,'Natural History Survey Storage B #5','1910 South Griffith Drive<br />Champaign, IL 61820',NULL,NULL,NULL,NULL,NULL,NULL,NULL,NULL,NULL,NULL,NULL,NULL,NULL),
	(237,'Natural Resources Building','607 East Peabody Drive<br />Champaign, IL 61820',NULL,NULL,NULL,NULL,NULL,NULL,NULL,NULL,NULL,NULL,NULL,NULL,NULL),
	(238,'Natural Resources Garage','608 East Pennsylvania Avenue<br />Champaign, IL 61820',NULL,NULL,NULL,NULL,NULL,NULL,NULL,NULL,NULL,NULL,NULL,NULL,NULL),
	(239,'Natural Resources Studies Annex','1910 South Griffith Drive<br />Champaign, IL 61820',NULL,NULL,NULL,NULL,NULL,NULL,NULL,NULL,NULL,NULL,NULL,NULL,NULL),
	(240,'NCSA Petascale Computing Facility','1725 South Oak Street<br />Champaign, IL 61820-6931',NULL,NULL,NULL,NULL,NULL,NULL,NULL,NULL,NULL,NULL,NULL,NULL,NULL),
	(241,'Newmark Laboratory','Stoughten Street<br />Urbana, IL 61801',NULL,NULL,NULL,NULL,NULL,NULL,NULL,NULL,NULL,NULL,NULL,NULL,NULL),
	(242,'Noble Hall','1209 South Fourth Street<br />Champaign, IL 61820',NULL,NULL,NULL,NULL,NULL,NULL,NULL,NULL,NULL,NULL,NULL,NULL,NULL),
	(243,'North Campus Chiller Plant','305 North Mathews Avenue<br />Urbana, IL 61801',NULL,NULL,NULL,NULL,NULL,NULL,NULL,NULL,NULL,NULL,NULL,NULL,NULL),
	(244,'Noyes Lab','505 South Mathews Avenue<br />Urbana, IL 61801',NULL,NULL,NULL,NULL,NULL,NULL,NULL,NULL,NULL,NULL,NULL,NULL,NULL),
	(245,'Nuclear Engineering Laboratory','103 South Goodwin Avenue<br />Urbana, IL 61801',NULL,NULL,NULL,NULL,NULL,NULL,NULL,NULL,NULL,NULL,NULL,NULL,NULL),
	(246,'Nuclear Physics Laboratory','23 East Stadium Drive<br />Champaign, IL 61820',NULL,NULL,NULL,NULL,NULL,NULL,NULL,NULL,NULL,NULL,NULL,NULL,NULL),
	(247,'Nuclear Radiations Laboratory','201 South Goodwin Avenue<br />Urbana, IL 61801',NULL,NULL,NULL,NULL,NULL,NULL,NULL,NULL,NULL,NULL,NULL,NULL,NULL),
	(248,'Nursing, School of','408 South Goodwin Avenue<br />Urbana, IL 61801',NULL,NULL,NULL,NULL,NULL,NULL,NULL,NULL,NULL,NULL,NULL,NULL,NULL),
	(249,'Nursing Workshop','Nevada Street<br />Urbana, IL 61801',NULL,NULL,NULL,NULL,NULL,NULL,NULL,NULL,NULL,NULL,NULL,NULL,NULL),
	(250,'Oak Street Chiller Plant','1305 Oak Street<br />Champaign, IL 61820',NULL,NULL,NULL,NULL,NULL,NULL,NULL,NULL,NULL,NULL,NULL,NULL,NULL),
	(251,'OandM Storage Building','Hazelwood Drive<br />Urbana, IL 61801',NULL,NULL,NULL,NULL,NULL,NULL,NULL,NULL,NULL,NULL,NULL,NULL,NULL),
	(252,'Observatory','901 South Mathews Avenue<br />Urbana, IL 61801',NULL,NULL,NULL,NULL,NULL,NULL,NULL,NULL,NULL,NULL,NULL,NULL,NULL),
	(253,'Optical Physics and Engineering Laboratory','607 East Healey Street<br />Champaign, IL 61820',NULL,NULL,NULL,NULL,NULL,NULL,NULL,NULL,NULL,NULL,NULL,NULL,NULL),
	(254,'Orchard Downs Family Housing','1900 South Orchard Street<br />Urbana, IL 61801',NULL,NULL,NULL,NULL,NULL,NULL,NULL,NULL,NULL,NULL,NULL,NULL,NULL),
	(255,'Paleo-Botanical Storage','2115 Griffith Drive<br />Champaign, IL 61820',NULL,NULL,NULL,NULL,NULL,NULL,NULL,NULL,NULL,NULL,NULL,NULL,NULL),
	(256,'Parking Garage (2005)','University Avenue and Mathews Avenue<br />Urbana, IL 61801',NULL,NULL,NULL,NULL,NULL,NULL,NULL,NULL,NULL,NULL,NULL,NULL,NULL),
	(257,'Parking Structure','1105 West Gregory Drive<br />Urbana, IL 61801',NULL,NULL,NULL,NULL,NULL,NULL,NULL,NULL,NULL,NULL,NULL,NULL,NULL),
	(258,'Pennsylvania Avenue Residence Halls','906 West College Court<br />Urbana, IL 61801',NULL,NULL,NULL,NULL,NULL,NULL,NULL,NULL,NULL,NULL,NULL,NULL,NULL),
	(259,'Personnel Services Building','52 East Gregory Drive<br />Champaign, IL 61820',NULL,NULL,NULL,NULL,NULL,NULL,NULL,NULL,NULL,NULL,NULL,NULL,NULL),
	(260,'Pesticide Storage','1008 West Hazelwood Drive - North Side<br />Urbana, IL 61801',NULL,NULL,NULL,NULL,NULL,NULL,NULL,NULL,NULL,NULL,NULL,NULL,NULL),
	(261,'Pest Management Laboratory','1810 Griffith Drive<br />Champaign, IL 61820',NULL,NULL,NULL,NULL,NULL,NULL,NULL,NULL,NULL,NULL,NULL,NULL,NULL),
	(262,'Physical Plant Service Building','1501 South Oak Street<br />Champaign, IL 61820',NULL,NULL,NULL,NULL,NULL,NULL,NULL,NULL,NULL,NULL,NULL,NULL,NULL),
	(263,'Physical Plant Storage Building A','1501 South Oak Street<br />Champaign, IL 61820',NULL,NULL,NULL,NULL,NULL,NULL,NULL,NULL,NULL,NULL,NULL,NULL,NULL),
	(264,'Physics Research Laboratory Storage','301 East Hazelwood Drive<br />Champaign, IL 61820',NULL,NULL,NULL,NULL,NULL,NULL,NULL,NULL,NULL,NULL,NULL,NULL,NULL),
	(265,'Plant Pesticide Diagnostic Clinic','1201 St. Mary&apos;s Road<br />Urbana, IL 61801',NULL,NULL,NULL,NULL,NULL,NULL,NULL,NULL,NULL,NULL,NULL,NULL,NULL),
	(266,'Plant Sciences Laboratory','1201 South Dorner Drive<br />Urbana, IL 61801',NULL,NULL,NULL,NULL,NULL,NULL,NULL,NULL,NULL,NULL,NULL,NULL,NULL),
	(267,'Plant Sciences Laboratory Greenhouses','1201 South Dorner Drive<br />Urbana, IL 61801',NULL,NULL,NULL,NULL,NULL,NULL,NULL,NULL,NULL,NULL,NULL,NULL,NULL),
	(268,'Plant Services Building NE','1005 West Western Avenue<br />Urbana, IL 61801',NULL,NULL,NULL,NULL,NULL,NULL,NULL,NULL,NULL,NULL,NULL,NULL,NULL),
	(269,'Plant Services Storage Building','1015 West Western Avenue<br />Urbana, IL 61801',NULL,NULL,NULL,NULL,NULL,NULL,NULL,NULL,NULL,NULL,NULL,NULL,NULL),
	(270,'Police Training Institute','1004 South Fourth Street<br />Champaign, IL 61820',NULL,NULL,NULL,NULL,NULL,NULL,NULL,NULL,NULL,NULL,NULL,NULL,NULL),
	(271,'Police Training Institute','1004 South Fourth Street<br />Champaign, IL 61820',NULL,NULL,NULL,NULL,NULL,NULL,NULL,NULL,NULL,NULL,NULL,NULL,NULL),
	(272,'Poultry Farm','St. Mary&apos;s Road<br />Champaign, IL 61820',NULL,NULL,NULL,NULL,NULL,NULL,NULL,NULL,NULL,NULL,NULL,NULL,NULL),
	(273,'Presidential Towers/University Inn','302 East John Street<br />Champaign, IL 61820',NULL,NULL,NULL,NULL,NULL,NULL,NULL,NULL,NULL,NULL,NULL,NULL,NULL),
	(274,'President\'s House','711 West Florida Avenue<br />Urbana, IL 61801',NULL,NULL,NULL,NULL,NULL,NULL,NULL,NULL,NULL,NULL,NULL,NULL,NULL),
	(275,'Printing and Photographic Services Building','54A East Gregory Drive<br />Champaign, IL 61820',NULL,NULL,NULL,NULL,NULL,NULL,NULL,NULL,NULL,NULL,NULL,NULL,NULL),
	(276,'Printing Services Annex','51 East Armory Avenue<br />Champaign, IL 61820',NULL,NULL,NULL,NULL,NULL,NULL,NULL,NULL,NULL,NULL,NULL,NULL,NULL),
	(277,'Printing Services South Building','1805 South Wright Street Extended<br />Champaign, IL 61820',NULL,NULL,NULL,NULL,NULL,NULL,NULL,NULL,NULL,NULL,NULL,NULL,NULL),
	(278,'Professional Arts Building','501 South Sixth St.<br />Champaign, IL 61820',NULL,NULL,NULL,NULL,NULL,NULL,NULL,NULL,NULL,NULL,NULL,NULL,NULL),
	(279,'Psychology Building','603 East Daniel Street<br />Champaign, IL 61820',NULL,NULL,NULL,NULL,NULL,NULL,NULL,NULL,NULL,NULL,NULL,NULL,NULL),
	(280,'Public Safety','1110 West Springfield Avenue<br />Urbana, IL 61801',NULL,NULL,NULL,NULL,NULL,NULL,NULL,NULL,NULL,NULL,NULL,NULL,NULL),
	(281,'Raindrop Tower Building - Agronomy','Hazelwood Drive - North Side<br />Urbana, IL 61801',NULL,NULL,NULL,NULL,NULL,NULL,NULL,NULL,NULL,NULL,NULL,NULL,NULL),
	(282,'Rehabilitation Education Center','1207 South Oak Street<br />Champaign, IL 61820',NULL,NULL,NULL,NULL,NULL,NULL,NULL,NULL,NULL,NULL,NULL,NULL,NULL),
	(283,'Richmond Studio','1110 West Main Street<br />Urbana, IL 61801',NULL,NULL,NULL,NULL,NULL,NULL,NULL,NULL,NULL,NULL,NULL,NULL,NULL),
	(284,'Roger Adams Laboratory','600 South Mathews Avenue<br />Urbana, IL 61801',NULL,NULL,NULL,NULL,NULL,NULL,NULL,NULL,NULL,NULL,NULL,NULL,NULL),
	(285,'Round Barns','1201 East St. Mary&apos;s Road<br />61802 61802',NULL,NULL,NULL,NULL,NULL,NULL,NULL,NULL,NULL,NULL,NULL,NULL,NULL),
	(286,'SAIC','1901 South First Street, Suite D-1<br />Champaign, IL 61820',NULL,NULL,NULL,NULL,NULL,NULL,NULL,NULL,NULL,NULL,NULL,NULL,NULL),
	(287,'Sculpture Building','2122 Griffith Drive<br />Champaign, IL 61820',NULL,NULL,NULL,NULL,NULL,NULL,NULL,NULL,NULL,NULL,NULL,NULL,NULL),
	(288,'Seitz Materials Research Laboratory (MRL)','104 South Goodwin Avenue<br />Urbana, IL 61801',NULL,NULL,NULL,NULL,NULL,NULL,NULL,NULL,NULL,NULL,NULL,NULL,NULL),
	(289,'Sheet Metal Barn - Weedlab - USDA','Hazelwood Drive<br />Urbana, IL 61801',NULL,NULL,NULL,NULL,NULL,NULL,NULL,NULL,NULL,NULL,NULL,NULL,NULL),
	(290,'Sherman Residence Hall','909 South Fifth Street<br />Champaign, IL 61820',NULL,NULL,NULL,NULL,NULL,NULL,NULL,NULL,NULL,NULL,NULL,NULL,NULL),
	(291,'Siebel Center (2003)','201 North Goodwin Avenue<br />Urbana, IL 61801','0,1,2,3,4',1284,226,89,63,'(217) 555-7337','9am - 8pm','7am - 8pm','7am - 8pm','7am - 8pm','7am - 8pm','7am - 8pm','9am - 8pm'),
	(292,'Slavic Review','57 East Armory Avenue<br />Champaign, IL 61820',NULL,NULL,NULL,NULL,NULL,NULL,NULL,NULL,NULL,NULL,NULL,NULL,NULL),
	(293,'Smith Hall','805 South Mathews Avenue<br />Urbana, IL 61801',NULL,NULL,NULL,NULL,NULL,NULL,NULL,NULL,NULL,NULL,NULL,NULL,NULL),
	(294,'Soccer and Track Stadium','St. Mary&apos;s Road<br />Champaign, IL 61820',NULL,NULL,NULL,NULL,NULL,NULL,NULL,NULL,NULL,NULL,NULL,NULL,NULL),
	(295,'Soil Sample','Hazelwood Drive<br />Urbana, IL 61801',NULL,NULL,NULL,NULL,NULL,NULL,NULL,NULL,NULL,NULL,NULL,NULL,NULL),
	(296,'Special Materials Storage Facility','2006 South Griffith Drive<br />Champaign, IL 61820',NULL,NULL,NULL,NULL,NULL,NULL,NULL,NULL,NULL,NULL,NULL,NULL,NULL),
	(297,'Speech and Hearing Clinic','901 South Sixth Street<br />Champaign, IL 61820',NULL,NULL,NULL,NULL,NULL,NULL,NULL,NULL,NULL,NULL,NULL,NULL,NULL),
	(298,'Spurlock Museum','600 South Gregory Street<br />Urbana, IL 61801',NULL,NULL,NULL,NULL,NULL,NULL,NULL,NULL,NULL,NULL,NULL,NULL,NULL),
	(299,'State Regional Office Building','2125 South First Street<br />Champaign, IL 61820',NULL,NULL,NULL,NULL,NULL,NULL,NULL,NULL,NULL,NULL,NULL,NULL,NULL),
	(300,'Stock Pavillion','1402 West Pennsylvania Avenue<br />Urbana, IL 61801',NULL,NULL,NULL,NULL,NULL,NULL,NULL,NULL,NULL,NULL,NULL,NULL,NULL),
	(301,'Structural Warehouse','1017 West Western Avenue<br />Urbana, IL 61801',NULL,NULL,NULL,NULL,NULL,NULL,NULL,NULL,NULL,NULL,NULL,NULL,NULL),
	(302,'Student Dining and Residential Programs Building','301 East Gregory Drive<br />Champaign, IL 61801',NULL,NULL,NULL,NULL,NULL,NULL,NULL,NULL,NULL,NULL,NULL,NULL,NULL),
	(303,'Student Services Arcade Building','713 South Wright Street<br />Champaign, IL 61820',NULL,NULL,NULL,NULL,NULL,NULL,NULL,NULL,NULL,NULL,NULL,NULL,NULL),
	(304,'Superconductivity Center','100 South Goodwin Avenue<br />Urbana, IL 61801',NULL,NULL,NULL,NULL,NULL,NULL,NULL,NULL,NULL,NULL,NULL,NULL,NULL),
	(305,'Surveying Building','607 East Gregory Drive<br />Champaign, IL 61820',NULL,NULL,NULL,NULL,NULL,NULL,NULL,NULL,NULL,NULL,NULL,NULL,NULL),
	(306,'Swanlund Administration Building','601 East John Street<br />Champaign, IL 61820',NULL,NULL,NULL,NULL,NULL,NULL,NULL,NULL,NULL,NULL,NULL,NULL,NULL),
	(307,'Taft House','1401 South Maryland Drive<br />Urbana, IL 61801',NULL,NULL,NULL,NULL,NULL,NULL,NULL,NULL,NULL,NULL,NULL,NULL,NULL),
	(308,'Taft Residence Hall','1213 South Fourth Street<br />Champaign, IL 61820',NULL,NULL,NULL,NULL,NULL,NULL,NULL,NULL,NULL,NULL,NULL,NULL,NULL),
	(309,'Talbot Lab','104 South Wright Street<br />Urbana, IL 61801',NULL,NULL,NULL,NULL,NULL,NULL,NULL,NULL,NULL,NULL,NULL,NULL,NULL),
	(310,'Technology Commercialization Building','2004 South Wright Street Extended<br />Urbana, IL 61801',NULL,NULL,NULL,NULL,NULL,NULL,NULL,NULL,NULL,NULL,NULL,NULL,NULL),
	(311,'Temple Hoyne Buell Hall','611 East Lorado Taft Drive<br />Champaign, IL 61820',NULL,NULL,NULL,NULL,NULL,NULL,NULL,NULL,NULL,NULL,NULL,NULL,NULL),
	(312,'The Quad','Between Green Street and Gregory Drive<br />Urbana, IL 61801',NULL,NULL,NULL,NULL,NULL,NULL,NULL,NULL,NULL,NULL,NULL,NULL,NULL),
	(313,'Timothy J. Nugent Hall - Ikenberry Commons','207 East Gregory Drive<br />Champaign, IL 61801',NULL,NULL,NULL,NULL,NULL,NULL,NULL,NULL,NULL,NULL,NULL,NULL,NULL),
	(314,'Transportation Building','104 South Mathews Avenue<br />Urbana, IL 61801',NULL,NULL,NULL,NULL,NULL,NULL,NULL,NULL,NULL,NULL,NULL,NULL,NULL),
	(315,'Turner Hall','1102 South Goodwin Avenue<br />Urbana, IL 61801',NULL,NULL,NULL,NULL,NULL,NULL,NULL,NULL,NULL,NULL,NULL,NULL,NULL),
	(316,'Turner Hall Greenhouses','1102 South Goodwin Avenue<br />Urbana, IL 61801',NULL,NULL,NULL,NULL,NULL,NULL,NULL,NULL,NULL,NULL,NULL,NULL,NULL),
	(317,'Turner Student Services Building','610 East John Street<br />Champaign, IL 61820',NULL,NULL,NULL,NULL,NULL,NULL,NULL,NULL,NULL,NULL,NULL,NULL,NULL),
	(318,'Ubben Basketball Facility','1750 South Fourth Street<br />Champaign, IL 61820',NULL,NULL,NULL,NULL,NULL,NULL,NULL,NULL,NULL,NULL,NULL,NULL,NULL),
	(319,'Undergraduate Library','1402 West Gregory Drive<br />Urbana, IL 61801',NULL,NULL,NULL,NULL,NULL,NULL,NULL,NULL,NULL,NULL,NULL,NULL,NULL),
	(320,'University High School','1212 West Springfield Avenue<br />Urbana, IL 61801',NULL,NULL,NULL,NULL,NULL,NULL,NULL,NULL,NULL,NULL,NULL,NULL,NULL),
	(321,'University High School Gymnasium','1207 West Stoughton Street<br />Urbana, IL 61801',NULL,NULL,NULL,NULL,NULL,NULL,NULL,NULL,NULL,NULL,NULL,NULL,NULL),
	(322,'University Press Building','1325 South Oak Street<br />Champaign, IL 61820',NULL,NULL,NULL,NULL,NULL,NULL,NULL,NULL,NULL,NULL,NULL,NULL,NULL),
	(323,'USDA Growth Chamber Building','Hazelwood Drive<br />Urbana, IL 61801',NULL,NULL,NULL,NULL,NULL,NULL,NULL,NULL,NULL,NULL,NULL,NULL,NULL),
	(324,'USDA Nematology Greenhouse','1105 Dorner Drive<br />Urbana, IL 61801',NULL,NULL,NULL,NULL,NULL,NULL,NULL,NULL,NULL,NULL,NULL,NULL,NULL),
	(325,'USDA Storage Shed','South Wright Street Extended<br />Champaign, IL 61820',NULL,NULL,NULL,NULL,NULL,NULL,NULL,NULL,NULL,NULL,NULL,NULL,NULL),
	(326,'Van Doren Residence Hall','302 Peabody Drive<br />Champaign, IL 61820',NULL,NULL,NULL,NULL,NULL,NULL,NULL,NULL,NULL,NULL,NULL,NULL,NULL),
	(327,'Vegetable Crops Building','1103 South Dorner Drive<br />Urbana, IL 61801',NULL,NULL,NULL,NULL,NULL,NULL,NULL,NULL,NULL,NULL,NULL,NULL,NULL),
	(328,'Vet Med Basic Sciences Building','2001 South Lincoln Avenue<br />Urbana, IL 61801',NULL,NULL,NULL,NULL,NULL,NULL,NULL,NULL,NULL,NULL,NULL,NULL,NULL),
	(329,'Vet Med Feed Storage Building','2105 South Goodwin Avenue<br />Urbana, IL 61801',NULL,NULL,NULL,NULL,NULL,NULL,NULL,NULL,NULL,NULL,NULL,NULL,NULL),
	(330,'Vet Med Surgery and Obstetrics Laboratory','1102 West Hazelwood Drive<br />Urbana, IL 61802',NULL,NULL,NULL,NULL,NULL,NULL,NULL,NULL,NULL,NULL,NULL,NULL,NULL),
	(331,'Vet Teaching Hospital','1008 West Hazelwood Drive<br />Urbana, IL 61802',NULL,NULL,NULL,NULL,NULL,NULL,NULL,NULL,NULL,NULL,NULL,NULL,NULL),
	(332,'Vivarium, Shelford','608 East Healey Street<br />Champaign, IL 61820',NULL,NULL,NULL,NULL,NULL,NULL,NULL,NULL,NULL,NULL,NULL,NULL,NULL),
	(333,'Volatile Storage Building','1409 South Oak Street<br />Champaign, IL 61820',NULL,NULL,NULL,NULL,NULL,NULL,NULL,NULL,NULL,NULL,NULL,NULL,NULL),
	(334,'Water Survey Warehouse','2107 Griffith Drive<br />Champaign, IL 61820',NULL,NULL,NULL,NULL,NULL,NULL,NULL,NULL,NULL,NULL,NULL,NULL,NULL),
	(335,'Wohlers Hall','1206 South Sixth Street<br />Champaign, IL 61820',NULL,NULL,NULL,NULL,NULL,NULL,NULL,NULL,NULL,NULL,NULL,NULL,NULL),
	(336,'Wood Engineering Laboratory','1305 South Goodwin Avenue<br />Urbana, IL 61801',NULL,NULL,NULL,NULL,NULL,NULL,NULL,NULL,NULL,NULL,NULL,NULL,NULL),
	(337,'Z-2 Building','2001 South First Street<br />Champaign, IL 61820',NULL,NULL,NULL,NULL,NULL,NULL,NULL,NULL,NULL,NULL,NULL,NULL,NULL),
	(338,'Z-Building','1901 South First Street<br />Champaign, IL 82820',NULL,NULL,NULL,NULL,NULL,NULL,NULL,NULL,NULL,NULL,NULL,NULL,NULL);

/*!40000 ALTER TABLE `buildings` ENABLE KEYS */;
UNLOCK TABLES;


# Dump of table map_elements
# ------------------------------------------------------------

DROP TABLE IF EXISTS `map_elements`;

CREATE TABLE `map_elements` (
  `id` int(11) unsigned NOT NULL auto_increment,
  `type` varchar(2) default NULL,
  `x` int(11) default NULL,
  `y` int(11) default NULL,
  `name` varchar(255) default NULL,
  `details` text,
  PRIMARY KEY  (`id`)
) ENGINE=MyISAM DEFAULT CHARSET=latin1;

LOCK TABLES `map_elements` WRITE;
/*!40000 ALTER TABLE `map_elements` DISABLE KEYS */;

INSERT INTO `map_elements` (`id`, `type`, `x`, `y`, `name`, `details`)
VALUES
	(1,'B',1364,256,'',NULL),
	(2,'B',1290,238,NULL,NULL),
	(3,'B',1300,282,NULL,NULL),
	(4,'B',1230,354,NULL,NULL),
	(5,'T',1374,238,NULL,'Yellow<br>Brown<br>Red'),
	(6,'T',1374,134,NULL,'Silver<br>22 Illini<br>27 Air Bus'),
	(7,'T',1374,446,NULL,'Silver<br>Gold<br>Teal<br>Violet'),
	(8,'T',1074,298,NULL,'Silver<br>Gold<br>22 Illini<br>Red<br>Orange'),
	(9,'D',1292,278,NULL,NULL),
	(10,'D',1302,236,NULL,NULL),
	(11,'D',1314,266,NULL,NULL),
	(12,'D',1366,270,NULL,NULL),
	(13,'D',1360,254,NULL,NULL),
	(14,'D',1260,340,NULL,NULL),
	(15,'D',1186,340,NULL,NULL),
	(16,'P',1356,330,'Lot B2','Permit Parking Only.  Free after 5pm and on weekends.'),
	(17,'P',1250,384,'Lot B7','Permit Parking Only'),
	(18,'P',1310,114,'Lot B9','Permit Parking Only. '),
	(19,'P',1420,110,'Lot B4','Permit Parking Only.  Free on weekends.'),
	(20,'P',1320,394,'Lot B3','Metered Parking');

/*!40000 ALTER TABLE `map_elements` ENABLE KEYS */;
UNLOCK TABLES;



/*!40111 SET SQL_NOTES=@OLD_SQL_NOTES */;
/*!40101 SET SQL_MODE=@OLD_SQL_MODE */;
/*!40014 SET FOREIGN_KEY_CHECKS=@OLD_FOREIGN_KEY_CHECKS */;
/*!40101 SET CHARACTER_SET_CLIENT=@OLD_CHARACTER_SET_CLIENT */;
/*!40101 SET CHARACTER_SET_RESULTS=@OLD_CHARACTER_SET_RESULTS */;
/*!40101 SET COLLATION_CONNECTION=@OLD_COLLATION_CONNECTION */;
